publishedAt,title
2022-09-19T17,14
2022-09-19T18,3
2022-09-19T19,14
2022-09-19T20,4
2022-09-19T21,7
2022-09-19T22,3
2022-09-20T01,3
2022-09-20T03,2
2022-09-20T05,5
2022-09-20T08,3
2022-09-20T09,7
2022-09-20T10,14
2022-09-20T15,63
2022-09-20T16,61
2022-09-20T17,25
2022-09-20T18,9
2022-09-20T19,8
2022-09-20T20,3
2022-09-21T03,3
2022-09-21T10,9
2022-09-21T11,9
2022-09-21T12,11
2022-09-21T13,5
2022-09-21T14,3
2022-09-21T15,32
2022-09-21T16,64
2022-09-21T17,19
2022-09-21T18,9
2022-09-21T19,8
2022-09-21T20,4
2022-09-21T22,5
2022-09-22T04,4
2022-09-22T06,7
2022-09-22T09,6
2022-09-22T10,18
2022-09-22T12,5
2022-09-22T14,21
2022-09-22T15,24
2022-09-22T16,40
2022-09-22T17,23
2022-09-22T18,14
2022-09-22T20,7
2022-09-22T21,12
2022-09-22T22,34
2022-09-23T03,4
2022-09-23T04,9
2022-09-23T08,4
2022-09-23T09,10
2022-09-23T10,12
2022-09-23T12,5
2022-09-23T13,5
2022-09-23T14,9
2022-09-23T15,65
2022-09-23T16,88
2022-09-23T17,15
2022-09-23T18,11
2022-09-23T19,8
2022-09-23T21,3
2022-09-23T23,5
2022-09-24T00,4
2022-09-24T02,5
2022-09-24T08,21
2022-09-24T09,35
2022-09-24T10,9
2022-09-24T11,12
2022-09-24T12,10
2022-09-24T13,4
2022-09-24T14,5
2022-09-24T16,3
2022-09-24T18,4
2022-09-24T19,2
2022-09-24T20,5
2022-09-24T21,4
2022-09-24T22,4
2022-09-24T23,4
2022-09-25T06,5
2022-09-25T07,27
2022-09-25T08,26
2022-09-25T09,37
2022-09-25T10,13
2022-09-25T11,21
2022-09-25T12,19
2022-09-25T13,4
2022-09-25T14,24
2022-09-25T15,20
2022-09-25T16,63
2022-09-25T17,29
2022-09-25T18,19
2022-09-25T21,12
2022-09-25T23,3
2022-09-26T02,5
2022-09-26T08,4
2022-09-26T09,9
2022-09-26T10,9
2022-09-26T14,10
2022-09-26T15,47
2022-09-26T16,56
2022-09-26T17,5
2022-09-26T18,15
2022-09-26T19,10
2022-09-26T20,7
2022-09-26T22,22
2022-09-27T03,5
2022-09-27T07,5
2022-09-27T08,11
2022-09-27T09,6
2022-09-27T11,2
2022-09-27T14,3
2022-09-27T15,18
2022-09-27T16,61
2022-09-27T17,25
2022-09-27T18,15
2022-09-27T19,4
2022-09-27T20,5
2022-09-27T21,4
2022-09-28T04,8
2022-09-28T05,4
2022-09-28T06,4
2022-09-28T07,6
2022-09-28T09,9
2022-09-28T10,8
2022-09-28T11,23
2022-09-28T12,4
2022-09-28T13,4
2022-09-28T14,6
2022-09-28T15,42
2022-09-28T16,70
2022-09-28T17,19
2022-09-28T18,6
2022-09-28T19,17
2022-09-29T03,4
2022-09-29T05,4
2022-09-29T07,4
2022-09-29T09,10
2022-09-29T13,3
2022-09-29T14,9
2022-09-29T15,62
2022-09-29T16,67
2022-09-29T17,16
2022-09-29T18,11
2022-09-29T21,5
2022-09-29T22,29
2022-09-30T02,4
2022-09-30T04,12
2022-09-30T06,5
2022-09-30T07,5
2022-09-30T10,7
2022-09-30T15,36
2022-09-30T16,55
2022-09-30T17,5
2022-09-30T18,5
2022-10-01T01,4
2022-10-01T06,5
2022-10-01T08,20
2022-10-01T09,24
2022-10-01T10,11
2022-10-01T12,7
2022-10-01T14,16
2022-10-01T15,11
2022-10-01T16,25
2022-10-01T18,2
2022-10-01T20,2
2022-10-01T21,8
2022-10-02T06,4
2022-10-02T07,5
2022-10-02T08,24
2022-10-02T09,18
2022-10-02T10,10
2022-10-02T11,15
2022-10-02T12,14
2022-10-02T13,3
2022-10-02T14,13
2022-10-02T15,50
2022-10-02T16,44
2022-10-02T17,17
2022-10-02T18,14
2022-10-02T21,3
2022-10-02T23,8
2022-10-03T00,9
2022-10-03T02,3
2022-10-03T07,4
2022-10-03T08,5
2022-10-03T10,13
2022-10-03T11,5
2022-10-03T13,10
2022-10-03T15,42
2022-10-03T16,50
2022-10-03T17,23
2022-10-03T18,7
2022-10-03T19,6
2022-10-03T20,4
2022-10-03T23,5
2022-10-04T00,4
2022-10-04T03,5
2022-10-04T08,6
2022-10-04T09,10
2022-10-04T10,8
2022-10-04T14,10
2022-10-04T15,64
2022-10-04T16,83
2022-10-04T17,15
2022-10-04T18,10
2022-10-04T19,10
2022-10-04T20,9
2022-10-04T21,4
2022-10-05T04,5
2022-10-05T07,4
2022-10-05T09,6
2022-10-05T10,19
2022-10-05T11,5
2022-10-05T12,12
2022-10-05T13,4
2022-10-05T14,14
2022-10-05T15,32
2022-10-05T16,60
2022-10-05T17,11
2022-10-05T18,8
2022-10-05T21,13
2022-10-06T10,17
2022-10-06T12,3
2022-10-06T13,15
2022-10-06T14,11
2022-10-06T15,30
2022-10-06T16,52
2022-10-06T17,25
2022-10-06T18,6
2022-10-06T19,11
2022-10-06T20,13
2022-10-06T21,5
2022-10-06T22,19
2022-10-06T23,10
2022-10-07T03,7
2022-10-07T04,22
2022-10-07T07,4
2022-10-07T09,11
2022-10-07T10,18
2022-10-07T12,5
2022-10-07T13,6
2022-10-07T14,6
2022-10-07T15,41
2022-10-07T16,46
2022-10-07T17,16
2022-10-07T18,4
2022-10-07T19,7
2022-10-08T02,3
2022-10-08T05,6
2022-10-08T07,7
2022-10-08T08,21
2022-10-08T09,30
2022-10-08T10,13
2022-10-08T11,6
2022-10-08T12,9
2022-10-08T13,5
2022-10-08T14,3
2022-10-08T15,16
2022-10-08T16,20
2022-10-08T17,6
2022-10-08T18,8
2022-10-08T19,7
2022-10-08T21,10
2022-10-08T22,5
2022-10-09T01,3
2022-10-09T05,2
2022-10-09T07,15
2022-10-09T08,24
2022-10-09T09,6
2022-10-09T10,16
2022-10-09T11,6
2022-10-09T12,18
2022-10-09T13,16
2022-10-09T14,13
2022-10-09T15,41
2022-10-09T16,25
2022-10-09T17,22
2022-10-09T18,11
2022-10-09T20,8
2022-10-09T21,2
2022-10-10T00,8
2022-10-10T09,15
2022-10-10T10,5
2022-10-10T12,9
2022-10-10T13,5
2022-10-10T14,10
2022-10-10T15,34
2022-10-10T16,47
2022-10-10T17,14
2022-10-10T18,6
2022-10-10T20,6
2022-10-10T21,4
2022-10-10T22,5
2022-10-11T03,5
2022-10-11T04,5
2022-10-11T09,23
2022-10-11T10,7
2022-10-11T12,4
2022-10-11T14,6
2022-10-11T15,50
2022-10-11T16,42
2022-10-11T17,27
2022-10-11T18,4
2022-10-11T19,6
2022-10-11T20,6
2022-10-11T21,19
2022-10-12T02,4
2022-10-12T05,5
2022-10-12T07,8
2022-10-12T08,4
2022-10-12T09,12
2022-10-12T10,17
2022-10-12T11,3
2022-10-12T12,5
2022-10-12T13,9
2022-10-12T14,3
2022-10-12T15,41
2022-10-12T16,47
2022-10-12T17,14
2022-10-12T18,15
2022-10-12T20,3
2022-10-12T21,18
2022-10-13T07,4
2022-10-13T09,9
2022-10-13T10,23
2022-10-13T13,4
2022-10-13T14,4
2022-10-13T15,31
2022-10-13T16,71
2022-10-13T17,22
2022-10-13T18,17
2022-10-13T20,13
2022-10-13T21,3
2022-10-13T22,11
2022-10-13T23,5
2022-10-14T04,20
2022-10-14T07,3
2022-10-14T08,5
2022-10-14T10,15
2022-10-14T11,4
2022-10-14T14,10
2022-10-14T15,45
2022-10-14T16,68
2022-10-14T17,8
2022-10-14T19,18
2022-10-14T20,4
2022-10-15T07,3
2022-10-15T08,30
2022-10-15T09,30
2022-10-15T10,4
2022-10-15T11,6
2022-10-15T13,4
2022-10-15T14,4
2022-10-15T15,13
2022-10-15T16,17
2022-10-15T18,3
2022-10-15T20,5
2022-10-16T05,12
2022-10-16T07,11
2022-10-16T08,12
2022-10-16T09,18
2022-10-16T10,13
2022-10-16T11,16
2022-10-16T12,13
2022-10-16T13,16
2022-10-16T14,17
2022-10-16T15,12
2022-10-16T16,40
2022-10-16T17,23
2022-10-16T18,14
2022-10-16T19,12
2022-10-16T20,13
2022-10-16T21,16
2022-10-16T23,23
2022-10-17T02,10
2022-10-17T08,9
2022-10-17T09,17
2022-10-17T10,4
2022-10-17T11,24
2022-10-17T12,5
2022-10-17T14,12
2022-10-17T15,31
2022-10-17T16,53
2022-10-17T17,10
2022-10-17T18,9
2022-10-17T19,5
2022-10-17T20,20
2022-10-17T21,11
2022-10-17T22,6
2022-10-18T06,5
2022-10-18T07,6
2022-10-18T08,6
2022-10-18T09,17
2022-10-18T10,6
2022-10-18T12,6
2022-10-18T13,5
2022-10-18T14,34
2022-10-18T15,62
2022-10-18T16,96
2022-10-18T17,28
2022-10-18T18,16
2022-10-18T19,15
2022-10-18T20,6
2022-10-19T05,4
2022-10-19T06,6
2022-10-19T07,15
2022-10-19T10,20
2022-10-19T11,16
2022-10-19T13,5
2022-10-19T14,16
2022-10-19T15,26
2022-10-19T16,32
2022-10-19T17,15
2022-10-19T18,9
2022-10-19T19,10
2022-10-19T21,12
2022-10-19T22,11
2022-10-19T23,5
2022-10-20T00,11
2022-10-20T06,4
2022-10-20T11,4
2022-10-20T14,5
2022-10-20T15,22
2022-10-20T16,31
2022-10-20T18,4
2022-10-20T20,4
2022-10-20T22,16
2022-10-21T03,4
2022-10-21T04,6
2022-10-21T07,4
2022-10-21T08,5
2022-10-21T10,24
2022-10-21T12,10
2022-10-21T13,8
2022-10-21T14,26
2022-10-21T15,44
2022-10-21T16,30
2022-10-21T17,8
2022-10-21T18,10
2022-10-21T19,4
2022-10-21T20,11
2022-10-21T21,12
2022-10-22T00,6
2022-10-22T08,19
2022-10-22T09,26
2022-10-22T10,4
2022-10-22T12,10
2022-10-22T14,5
2022-10-22T15,10
2022-10-22T16,19
2022-10-22T17,4
2022-10-22T18,1
2022-10-22T19,11
2022-10-22T20,5
2022-10-22T21,8
2022-10-22T23,4
2022-10-23T00,3
2022-10-23T07,5
2022-10-23T08,14
2022-10-23T09,34
2022-10-23T11,12
2022-10-23T12,12
2022-10-23T13,4
2022-10-23T14,4
2022-10-23T15,19
2022-10-23T16,37
2022-10-23T17,20
2022-10-23T18,6
2022-10-23T19,7
2022-10-23T20,9
2022-10-23T21,7
2022-10-23T22,4
2022-10-24T00,12
2022-10-24T07,5
2022-10-24T08,11
2022-10-24T12,5
2022-10-24T14,19
2022-10-24T15,23
2022-10-24T16,56
2022-10-24T17,18
2022-10-24T18,13
2022-10-24T20,3
2022-10-24T21,4
2022-10-24T23,3
2022-10-25T04,10
2022-10-25T05,9
2022-10-25T07,4
2022-10-25T08,10
2022-10-25T09,4
2022-10-25T10,7
2022-10-25T11,4
2022-10-25T12,2
2022-10-25T13,9
2022-10-25T14,13
2022-10-25T15,51
2022-10-25T16,26
2022-10-25T17,11
2022-10-25T18,24
2022-10-25T20,8
2022-10-25T21,23
2022-10-25T22,4
2022-10-26T04,3
2022-10-26T05,3
2022-10-26T07,11
2022-10-26T08,14
2022-10-26T09,14
2022-10-26T12,8
2022-10-26T13,2
2022-10-26T14,19
2022-10-26T15,16
2022-10-26T16,59
2022-10-26T17,14
2022-10-26T18,8
2022-10-26T19,12
2022-10-26T21,15
2022-10-26T22,8
2022-10-27T02,5
2022-10-27T04,4
2022-10-27T06,7
2022-10-27T07,5
2022-10-27T10,3
2022-10-27T11,5
2022-10-27T12,4
2022-10-27T13,7
2022-10-27T14,8
2022-10-27T15,44
2022-10-27T16,70
2022-10-27T17,18
2022-10-27T18,21
2022-10-27T19,4
2022-10-27T21,20
2022-10-27T22,22
2022-10-28T04,28
2022-10-28T08,4
2022-10-28T09,4
2022-10-28T10,7
2022-10-28T11,4
2022-10-28T12,4
2022-10-28T13,4
2022-10-28T14,10
2022-10-28T15,23
2022-10-28T16,66
2022-10-28T17,4
2022-10-28T18,9
2022-10-28T19,9
2022-10-29T06,5
2022-10-29T07,5
2022-10-29T08,18
2022-10-29T09,37
2022-10-29T10,14
2022-10-29T12,7
2022-10-29T13,10
2022-10-29T15,11
2022-10-29T16,20
2022-10-29T17,2
2022-10-29T19,10
2022-10-29T20,2
2022-10-29T21,5
2022-10-30T04,4
2022-10-30T05,3
2022-10-30T08,9
2022-10-30T09,19
2022-10-30T10,20
2022-10-30T11,11
2022-10-30T12,7
2022-10-30T15,21
2022-10-30T16,37
2022-10-30T17,44
2022-10-30T18,21
2022-10-30T19,9
2022-10-30T21,4
2022-10-30T23,9
2022-10-31T01,8
2022-10-31T05,4
2022-10-31T08,3
2022-10-31T09,6
2022-10-31T10,5
2022-10-31T11,9
2022-10-31T12,7
2022-10-31T13,4
2022-10-31T14,7
2022-10-31T16,28
2022-10-31T17,48
2022-10-31T18,28
2022-10-31T19,28
2022-10-31T20,8
2022-10-31T21,10
2022-10-31T23,6
2022-11-01T01,8
2022-11-01T03,2
2022-11-01T04,5
2022-11-01T05,7
2022-11-01T08,11
2022-11-01T11,19
2022-11-01T12,7
2022-11-01T13,5
2022-11-01T14,12
2022-11-01T15,35
2022-11-01T16,74
2022-11-01T17,49
2022-11-01T18,26
2022-11-01T19,2
2022-11-01T20,22
2022-11-01T22,20
2022-11-01T23,6
2022-11-02T02,6
2022-11-02T07,6
2022-11-02T08,10
2022-11-02T10,30
2022-11-02T11,12
2022-11-02T12,1
2022-11-02T13,31
2022-11-02T15,9
2022-11-02T16,31
2022-11-02T17,58
2022-11-02T18,12
2022-11-02T19,8
2022-11-02T20,8
2022-11-02T21,10
2022-11-02T22,4
2022-11-02T23,6
2022-11-03T06,3
2022-11-03T10,6
2022-11-03T11,5
2022-11-03T12,18
2022-11-03T13,7
2022-11-03T14,10
2022-11-03T15,11
2022-11-03T16,61
2022-11-03T17,65
2022-11-03T18,34
2022-11-03T19,10
2022-11-03T20,12
2022-11-03T21,6
2022-11-03T23,27
2022-11-04T04,16
2022-11-04T06,5
2022-11-04T09,6
2022-11-04T10,11
2022-11-04T13,5
2022-11-04T15,11
2022-11-04T16,31
2022-11-04T17,22
2022-11-04T19,18
2022-11-05T09,7
2022-11-05T10,32
2022-11-05T11,4
2022-11-05T12,10
2022-11-05T13,6
2022-11-05T16,18
2022-11-05T17,7
2022-11-05T18,5
2022-11-05T21,4
2022-11-05T22,6
2022-11-05T23,9
2022-11-06T02,6
2022-11-06T05,10
2022-11-06T07,7
2022-11-06T08,5
2022-11-06T09,25
2022-11-06T10,35
2022-11-06T11,12
2022-11-06T12,6
2022-11-06T13,18
2022-11-06T14,1
2022-11-06T15,21
2022-11-06T16,53
2022-11-06T17,18
2022-11-06T18,24
2022-11-06T19,18
2022-11-06T20,6
2022-11-06T21,2
2022-11-06T22,7
2022-11-06T23,11
2022-11-07T00,6
2022-11-07T01,6
2022-11-07T02,6
2022-11-07T03,3
2022-11-07T09,4
2022-11-07T11,10
2022-11-07T13,5
2022-11-07T15,22
2022-11-07T16,30
2022-11-07T17,74
2022-11-07T18,21
2022-11-07T20,5
2022-11-07T21,1
2022-11-07T22,8
2022-11-07T23,6
2022-11-08T04,7
2022-11-08T08,5
2022-11-08T09,4
2022-11-08T10,6
2022-11-08T13,6
2022-11-08T14,16
2022-11-08T15,6
2022-11-08T16,60
2022-11-08T17,75
2022-11-08T18,5
2022-11-08T19,5
2022-11-08T20,11
2022-11-08T21,1
2022-11-08T22,17
2022-11-09T01,4
2022-11-09T08,6
2022-11-09T10,11
2022-11-09T11,15
2022-11-09T12,12
2022-11-09T13,6
2022-11-09T14,5
2022-11-09T15,5
2022-11-09T16,28
2022-11-09T17,27
2022-11-09T18,12
2022-11-09T19,16
2022-11-09T20,18
2022-11-09T21,5
2022-11-09T22,19
2022-11-10T01,5
2022-11-10T05,6
2022-11-10T11,6
2022-11-10T16,25
2022-11-10T17,52
2022-11-10T19,17
2022-11-10T20,12
2022-11-10T21,6
2022-11-10T23,13
2022-11-11T08,5
2022-11-11T09,5
2022-11-11T11,4
2022-11-11T12,17
2022-11-11T15,11
2022-11-11T16,28
2022-11-11T17,55
2022-11-11T19,4
2022-11-11T20,8
2022-11-11T21,4
2022-11-12T07,3
2022-11-12T09,12
2022-11-12T10,21
2022-11-12T11,6
2022-11-12T12,5
2022-11-12T13,6
2022-11-12T14,9
2022-11-12T15,19
2022-11-12T16,8
2022-11-12T17,6
2022-11-12T18,5
2022-11-12T20,4
2022-11-12T22,6
2022-11-13T00,4
2022-11-13T02,4
2022-11-13T07,7
2022-11-13T09,12
2022-11-13T10,26
2022-11-13T11,8
2022-11-13T12,4
2022-11-13T13,6
2022-11-13T14,4
2022-11-13T15,22
2022-11-13T16,24
2022-11-13T17,12
2022-11-13T18,20
2022-11-13T19,3
2022-11-13T20,4
2022-11-13T21,4
2022-11-13T23,10
2022-11-14T00,5
2022-11-14T01,5
2022-11-14T07,6
2022-11-14T09,7
2022-11-14T11,17
2022-11-14T12,4
2022-11-14T15,6
2022-11-14T16,35
2022-11-14T17,69
2022-11-14T18,16
2022-11-14T19,18
2022-11-14T20,13
2022-11-14T21,10
2022-11-15T07,3
2022-11-15T08,6
2022-11-15T09,3
2022-11-15T10,6
2022-11-15T11,6
2022-11-15T12,4
2022-11-15T13,4
2022-11-15T14,4
2022-11-15T15,19
2022-11-15T16,25
2022-11-15T17,69
2022-11-15T18,11
2022-11-15T19,8
2022-11-15T20,14
2022-11-15T21,12
2022-11-16T03,2
2022-11-16T07,11
2022-11-16T08,7
2022-11-16T09,10
2022-11-16T10,5
2022-11-16T11,4
2022-11-16T13,16
2022-11-16T14,9
2022-11-16T15,4
2022-11-16T16,29
2022-11-16T17,80
2022-11-16T18,26
2022-11-16T20,13
2022-11-16T21,5
2022-11-16T22,4
2022-11-16T23,8
2022-11-17T03,3
2022-11-17T09,7
2022-11-17T10,7
2022-11-17T11,4
2022-11-17T14,7
2022-11-17T15,17
2022-11-17T16,48
2022-11-17T17,97
2022-11-17T18,21
2022-11-17T19,9
2022-11-17T21,3
2022-11-17T22,19
2022-11-17T23,31
2022-11-18T01,7
2022-11-18T05,20
2022-11-18T07,7
2022-11-18T08,7
2022-11-18T09,8
2022-11-18T10,13
2022-11-18T11,19
2022-11-18T12,6
2022-11-18T14,15
2022-11-18T15,38
2022-11-18T16,64
2022-11-18T17,87
2022-11-18T18,21
2022-11-18T19,29
2022-11-18T20,12
2022-11-18T22,6
2022-11-18T23,6
2022-11-19T04,3
2022-11-19T08,5
2022-11-19T09,17
2022-11-19T10,36
2022-11-19T11,18
2022-11-19T14,10
2022-11-19T16,9
2022-11-19T17,14
2022-11-19T18,12
2022-11-19T20,3
2022-11-20T00,7
2022-11-20T07,23
2022-11-20T08,23
2022-11-20T09,31
2022-11-20T10,47
2022-11-20T12,14
2022-11-20T13,13
2022-11-20T14,15
2022-11-20T15,50
2022-11-20T16,50
2022-11-20T17,49
2022-11-20T18,27
2022-11-20T19,33
2022-11-20T20,21
2022-11-20T21,6
2022-11-20T22,7
2022-11-21T03,6
2022-11-21T05,5
2022-11-21T11,7
2022-11-21T13,15
2022-11-21T14,7
2022-11-21T15,2
2022-11-21T16,72
2022-11-21T17,50
2022-11-21T18,31
2022-11-22T02,6
2022-11-22T11,12
2022-11-22T12,7
2022-11-22T14,2
2022-11-22T15,5
2022-11-22T16,13
2022-11-22T17,18
2022-11-22T21,17
2022-11-23T06,5
2022-11-23T07,3
2022-11-23T08,6
2022-11-23T09,6
2022-11-23T10,4
2022-11-23T12,12
2022-11-23T13,4
2022-11-23T14,6
2022-11-23T15,6
2022-11-23T16,21
2022-11-23T17,37
2022-11-23T18,16
2022-11-23T19,11
2022-11-23T21,9
2022-11-23T22,6
2022-11-24T09,3
2022-11-24T10,9
2022-11-24T11,8
2022-11-24T12,1
2022-11-24T14,9
2022-11-24T15,10
2022-11-24T16,22
2022-11-24T17,41
2022-11-24T18,13
2022-11-24T19,4
2022-11-24T21,4
2022-11-24T22,2
2022-11-24T23,24
2022-11-25T01,3
2022-11-25T04,4
2022-11-25T05,2
2022-11-25T10,6
2022-11-25T11,4
2022-11-25T12,1
2022-11-25T13,4
2022-11-25T14,16
2022-11-25T15,13
2022-11-25T16,52
2022-11-25T17,17
2022-11-25T18,5
2022-11-25T19,2
2022-11-25T20,2
2022-11-25T21,3
2022-11-25T22,4
2022-11-26T03,3
2022-11-26T07,3
2022-11-26T08,3
2022-11-26T09,5
2022-11-26T10,7
2022-11-26T11,4
2022-11-26T12,8
2022-11-26T13,4
2022-11-26T15,4
2022-11-26T16,3
2022-11-26T17,11
2022-11-26T18,13
2022-11-26T19,1
2022-11-26T20,3
2022-11-26T21,6
2022-11-26T22,2
2022-11-27T04,4
2022-11-27T08,4
2022-11-27T09,9
2022-11-27T10,23
2022-11-27T11,8
2022-11-27T12,1
2022-11-27T13,4
2022-11-27T14,4
2022-11-27T15,6
2022-11-27T16,19
2022-11-27T17,7
2022-11-27T18,15
2022-11-27T19,2
2022-11-27T20,6
2022-11-27T21,3
2022-11-27T23,2
2022-11-28T00,2
2022-11-28T04,2
2022-11-28T08,3
2022-11-28T09,3
2022-11-28T11,2
2022-11-28T12,1
2022-11-28T13,3
2022-11-28T14,8
2022-11-28T15,18
2022-11-28T16,21
2022-11-28T17,22
2022-11-28T18,6
2022-11-28T19,8
2022-11-28T20,3
2022-11-28T21,6
2022-11-28T22,3
2022-11-29T02,4
2022-11-29T06,1
2022-11-29T08,4
2022-11-29T09,4
2022-11-29T10,5
2022-11-29T11,2
2022-11-29T12,2
2022-11-29T13,1
2022-11-29T14,9
2022-11-29T15,12
2022-11-29T16,19
2022-11-29T17,34
2022-11-29T18,13
2022-11-29T19,8
2022-11-29T21,4
2022-11-29T22,6
2022-11-29T23,1
2022-11-30T02,2
2022-11-30T05,1
2022-11-30T08,1
2022-11-30T09,1
2022-11-30T11,1
2022-11-30T14,1
2022-11-30T16,1
2022-11-30T17,7
2022-11-30T18,3
2022-12-01T00,1
